{
  "project_info": {
    "project_number": "1000163153346",
    "firebase_url": "https://ammart-8885e-default-rtdb.firebaseio.com",
    "project_id": "ammart-8885e",
    "storage_bucket": "ammart-8885e.appspot.com"
  },
  "client": [
    {
      "client_info": {
        "mobilesdk_app_id": "1:1000163153346:android:9d8caf29b912e11606b25b",
        "android_client_info": {
          "package_name": "com.sixamtech.ride_sharing_user.ride_sharing_user_app"
        }
      },
      "oauth_client": [
        {
          "client_id": "1000163153346-48ckm2uf7h70hmgn74kg1gq02sval158.apps.googleusercontent.com",
          "client_type": 3
        }
      ],
      "api_key": [
        {
          "current_key": "AIzaSyCic6Mw3RRPFcimXhwGidwhCN0tXY7HFFc"
        }
      ],
      "services": {
        "appinvite_service": {
          "other_platform_oauth_client": [
            {
              "client_id": "1000163153346-48ckm2uf7h70hmgn74kg1gq02sval158.apps.googleusercontent.com",
              "client_type": 3
            },
            {
              "client_id": "1000163153346-dut1f04ahq32eeovgrnoep81pe91af3q.apps.googleusercontent.com",
              "client_type": 2,
              "ios_info": {
                "bundle_id": "com.sixamtech.6amMartDelivery",
                "app_store_id": "6443580490"
              }
            }
          ]
        }
      }
    },
    {
      "client_info": {
        "mobilesdk_app_id": "1:1000163153346:android:7d49ab307cc6e18406b25b",
        "android_client_info": {
          "package_name": "com.sixamtech.sixam_mart"
        }
      },
      "oauth_client": [
        {
          "client_id": "1000163153346-8h3825qftiorhelafakqhl559fubeteb.apps.googleusercontent.com",
          "client_type": 1,
          "android_info": {
            "package_name": "com.sixamtech.sixam_mart",
            "certificate_hash": "79c2a092588f1ab2728e007cee5dbac37941dcca"
          }
        },
        {
          "client_id": "1000163153346-gsa2tm8gi02fhlv56j14ih7dclm0brk2.apps.googleusercontent.com",
          "client_type": 1,
          "android_info": {
            "package_name": "com.sixamtech.sixam_mart",
            "certificate_hash": "140f4f38899f0c9938d86dd6ed3cba995e5724d3"
          }
        },
        {
          "client_id": "1000163153346-48ckm2uf7h70hmgn74kg1gq02sval158.apps.googleusercontent.com",
          "client_type": 3
        }
      ],
      "api_key": [
        {
          "current_key": "AIzaSyCic6Mw3RRPFcimXhwGidwhCN0tXY7HFFc"
        }
      ],
      "services": {
        "appinvite_service": {
          "other_platform_oauth_client": [
            {
              "client_id": "1000163153346-48ckm2uf7h70hmgn74kg1gq02sval158.apps.googleusercontent.com",
              "client_type": 3
            },
            {
              "client_id": "1000163153346-dut1f04ahq32eeovgrnoep81pe91af3q.apps.googleusercontent.com",
              "client_type": 2,
              "ios_info": {
                "bundle_id": "com.sixamtech.6amMartDelivery",
                "app_store_id": "6443580490"
              }
            }
          ]
        }
      }
    },
    {
      "client_info": {
        "mobilesdk_app_id": "1:1000163153346:android:974fe7bf72522c8506b25b",
        "android_client_info": {
          "package_name": "com.sixamtech.mathura_mart_dman"
        }
      },
      "oauth_client": [
        {
          "client_id": "1000163153346-48ckm2uf7h70hmgn74kg1gq02sval158.apps.googleusercontent.com",
          "client_type": 3
        }
      ],
      "api_key": [
        {
          "current_key": "AIzaSyCic6Mw3RRPFcimXhwGidwhCN0tXY7HFFc"
        }
      ],
      "services": {
        "appinvite_service": {
          "other_platform_oauth_client": [
            {
              "client_id": "1000163153346-48ckm2uf7h70hmgn74kg1gq02sval158.apps.googleusercontent.com",
              "client_type": 3
            },
            {
              "client_id": "1000163153346-dut1f04ahq32eeovgrnoep81pe91af3q.apps.googleusercontent.com",
              "client_type": 2,
              "ios_info": {
                "bundle_id": "com.sixamtech.6amMartDelivery",
                "app_store_id": "6443580490"
              }
            }
          ]
        }
      }
    },
    {
      "client_info": {
        "mobilesdk_app_id": "1:1000163153346:android:f608711d571bbcf006b25b",
        "android_client_info": {
          "package_name": "com.sixamtech.mathura_mart_dman_app"
        }
      },
      "oauth_client": [
        {
          "client_id": "1000163153346-48ckm2uf7h70hmgn74kg1gq02sval158.apps.googleusercontent.com",
          "client_type": 3
        }
      ],
      "api_key": [
        {
          "current_key": "AIzaSyCic6Mw3RRPFcimXhwGidwhCN0tXY7HFFc"
        }
      ],
      "services": {
        "appinvite_service": {
          "other_platform_oauth_client": [
            {
              "client_id": "1000163153346-48ckm2uf7h70hmgn74kg1gq02sval158.apps.googleusercontent.com",
              "client_type": 3
            },
            {
              "client_id": "1000163153346-dut1f04ahq32eeovgrnoep81pe91af3q.apps.googleusercontent.com",
              "client_type": 2,
              "ios_info": {
                "bundle_id": "com.sixamtech.6amMartDelivery",
                "app_store_id": "6443580490"
              }
            }
          ]
        }
      }
    },
    {
      "client_info": {
        "mobilesdk_app_id": "1:1000163153346:android:0a51480725d70dc706b25b",
        "android_client_info": {
          "package_name": "com.sixamtech.sixam_mart_store"
        }
      },
      "oauth_client": [
        {
          "client_id": "1000163153346-48ckm2uf7h70hmgn74kg1gq02sval158.apps.googleusercontent.com",
          "client_type": 3
        }
      ],
      "api_key": [
        {
          "current_key": "AIzaSyCic6Mw3RRPFcimXhwGidwhCN0tXY7HFFc"
        }
      ],
      "services": {
        "appinvite_service": {
          "other_platform_oauth_client": [
            {
              "client_id": "1000163153346-48ckm2uf7h70hmgn74kg1gq02sval158.apps.googleusercontent.com",
              "client_type": 3
            },
            {
              "client_id": "1000163153346-dut1f04ahq32eeovgrnoep81pe91af3q.apps.googleusercontent.com",
              "client_type": 2,
              "ios_info": {
                "bundle_id": "com.sixamtech.6amMartDelivery",
                "app_store_id": "6443580490"
              }
            }
          ]
        }
      }
    },
    {
      "client_info": {
        "mobilesdk_app_id": "1:1000163153346:android:43156f07f2c2c32d06b25b",
        "android_client_info": {
          "package_name": "com.sixamtech.sixam_mart_store_app"
        }
      },
      "oauth_client": [
        {
          "client_id": "1000163153346-48ckm2uf7h70hmgn74kg1gq02sval158.apps.googleusercontent.com",
          "client_type": 3
        }
      ],
      "api_key": [
        {
          "current_key": "AIzaSyCic6Mw3RRPFcimXhwGidwhCN0tXY7HFFc"
        }
      ],
      "services": {
        "appinvite_service": {
          "other_platform_oauth_client": [
            {
              "client_id": "1000163153346-48ckm2uf7h70hmgn74kg1gq02sval158.apps.googleusercontent.com",
              "client_type": 3
            },
            {
              "client_id": "1000163153346-dut1f04ahq32eeovgrnoep81pe91af3q.apps.googleusercontent.com",
              "client_type": 2,
              "ios_info": {
                "bundle_id": "com.sixamtech.6amMartDelivery",
                "app_store_id": "6443580490"
              }
            }
          ]
        }
      }
    },
    {
      "client_info": {
        "mobilesdk_app_id": "1:1000163153346:android:c0a10b3548d3d8a106b25b",
        "android_client_info": {
          "package_name": "com.sixamtech.sixam_mart_user"
        }
      },
      "oauth_client": [
        {
          "client_id": "1000163153346-48ckm2uf7h70hmgn74kg1gq02sval158.apps.googleusercontent.com",
          "client_type": 3
        }
      ],
      "api_key": [
        {
          "current_key": "AIzaSyCic6Mw3RRPFcimXhwGidwhCN0tXY7HFFc"
        }
      ],
      "services": {
        "appinvite_service": {
          "other_platform_oauth_client": [
            {
              "client_id": "1000163153346-48ckm2uf7h70hmgn74kg1gq02sval158.apps.googleusercontent.com",
              "client_type": 3
            },
            {
              "client_id": "1000163153346-dut1f04ahq32eeovgrnoep81pe91af3q.apps.googleusercontent.com",
              "client_type": 2,
              "ios_info": {
                "bundle_id": "com.sixamtech.6amMartDelivery",
                "app_store_id": "6443580490"
              }
            }
          ]
        }
      }
    }
  ],
  "configuration_version": "1"
}